{"beam_size": 5, "crp_alpha": 1, "transition_bias": -1, "num_state": 4, "test_iteration": 2, "verbosity": 0, "out_dir": "./outputs", "result_file": "results", "uar": 0.8253585745946743, "acc": 0.8169014084507042, "conf": "[[ 38   0   3   0]\n [  0  54   6  14]\n [  8   7 136  11]\n [  4   6  19 120]]", "wf1": 0.8169014084507042}